yauto_resource_key,macrodroid_resource_key,kind
feature_accessibility_view_text_get_title,action_get_text_by_view_id,action
feature_ai_llm_query_title,action_ai_llm_query,action
feature_ai_text_rewrite_title,action_rewrite_text,action
feature_ai_text_summarize_title,action_summarise_text,action
feature_ai_text_translate_title,action_translate_text,action
feature_android_airplane_mode_set_title,action_set_airplane_mode,action
feature_android_alarm_set_title,action_alarm_clock,action
feature_android_app_background_kill_title,action_kill_background_app,action
feature_android_app_data_clear_title,action_clear_app_data,action
feature_android_app_enabled_set_title,action_disable_app,action
feature_android_app_force_stop_title,action_close_application,action
feature_android_app_installed_list_title,action_get_installed_apps,action
feature_android_app_launch_title,action_launch_activity,action
feature_android_audio_microphone_mute_set_title,action_mute_microphone,action
feature_android_audio_record_start_title,action_record_microphone,action
feature_android_audio_speakerphone_set_title,action_speaker_phone,action
feature_android_audio_volume_adjust_title,action_volume_increment_decrement,action
feature_android_audio_volume_set_title,action_set_volume,action
feature_android_audio_volume_ui_show_title,action_show_volume_popup,action
feature_android_biometric_authenticate_title,action_authenticate_user,action
feature_android_calendar_events_query_title,action_get_calendar_events,action
feature_android_clipboard_set_title,action_clipboard,action
feature_android_condition_accessibility_enabled_title,constraint_accessibility_service_enabled_state,constraint
feature_android_condition_airplane_mode_title,constraint_airplane_mode,constraint
feature_android_condition_app_enabled_title,constraint_app_enabled,constraint
feature_android_condition_app_installed_title,constraint_application_installed,constraint
feature_android_condition_auto_rotate_title,constraint_auto_rotate,constraint
feature_android_condition_battery_temperature_title,constraint_battery_temp,constraint
feature_android_condition_bluetooth_enabled_title,constraint_bluetooth,constraint
feature_android_condition_clipboard_content_title,constraint_clipboard_contents,constraint
feature_android_condition_dark_mode_title,constraint_dark_theme,constraint
feature_android_condition_data_usage_title,constraint_data_used,constraint
feature_android_condition_device_locked_title,constraint_device_locked,constraint
feature_android_condition_fold_state_title,constraint_fold_state,constraint
feature_android_condition_local_address_match_title,constraint_ip_address,constraint
feature_android_condition_music_active_title,constraint_music_active,constraint
feature_android_condition_network_roaming_title,constraint_is_roaming,constraint
feature_android_condition_nfc_enabled_title,constraint_nfc_state,constraint
feature_android_condition_notification_active_title,constraint_notification_present,constraint
feature_android_condition_phone_call_state_title,constraint_in_call,constraint
feature_android_condition_qs_tile_state_title,constraint_quick_tile_state,constraint
feature_android_condition_reference_day_of_month_title,constraint_day_of_month,constraint
feature_android_condition_reference_day_of_week_title,constraint_day_of_week,constraint
feature_android_condition_reference_month_of_year_title,constraint_month_of_year,constraint
feature_android_condition_reference_signal_camera_in_use_title,constraint_camera_in_use,constraint
feature_android_condition_reference_wired_headphones_connected_title,constraint_headphones_connection,constraint
feature_android_condition_usb_device_connected_title,constraint_usb_device_connection,constraint
feature_android_condition_vpn_active_title,constraint_vpn,constraint
feature_android_contacts_query_title,action_get_contacts,action
feature_android_display_auto_rotate_set_title,action_set_autorotate,action
feature_android_display_brightness_set_title,action_set_brightness,action
feature_android_display_dark_mode_set_title,action_dark_theme,action
feature_android_display_density_set_title,action_display_density,action
feature_android_display_font_scale_set_title,action_font_scale,action
feature_android_display_immersive_set_title,action_immersive_mode,action
feature_android_display_rotation_set_title,action_force_screen_rotation,action
feature_android_display_screen_timeout_set_title,action_set_screen_timeout,action
feature_android_dnd_set_title,action_set_priority_mode,action
feature_android_event_airplane_mode_changed_title,trigger_airplane_mode,trigger
feature_android_event_auto_rotate_changed_title,trigger_autorotate,trigger
feature_android_event_broadcast_title,trigger_intent_received,trigger
feature_android_event_camera_in_use_changed_title,trigger_camera_in_use,trigger
feature_android_event_cell_tower_changed_title,trigger_cell_tower,trigger
feature_android_event_clipboard_changed_title,trigger_clipboard_change,trigger
feature_android_event_dark_mode_changed_title,trigger_dark_theme,trigger
feature_android_event_file_changed_title,trigger_file_changed,trigger
feature_android_event_fingerprint_gesture_title,trigger_fingerprint_gesture,trigger
feature_android_event_geofence_transition_title,trigger_geofence,trigger
feature_android_event_headset_changed_title,trigger_headphones,trigger
feature_android_event_http_server_request_title,trigger_http_request,trigger
feature_android_event_interval_title,trigger_regular_interval,trigger
feature_android_event_media_track_changed_title,trigger_media_track_changed,trigger
feature_android_event_nfc_state_changed_title,trigger_nfc_enabled_state,trigger
feature_android_event_nfc_tag_title,trigger_nfc,trigger
feature_android_event_notification_posted_title,trigger_notification,trigger
feature_android_event_power_save_changed_title,trigger_battery_saver,trigger
feature_android_event_qs_tile_title,trigger_quick_settings_tile,trigger
feature_android_event_screen_content_changed_title,trigger_screen_content,trigger
feature_android_event_sensor_value_title,trigger_sensor_value,trigger
feature_android_event_shake_title,trigger_shake_device,trigger
feature_android_event_shortcut_title,trigger_shortcut,trigger
feature_android_event_sms_received_title,trigger_incoming_sms,trigger
feature_android_event_sunrise_sunset_title,trigger_sunrise_sunset,trigger
feature_android_event_system_log_entry_title,trigger_system_log,trigger
feature_android_event_system_setting_changed_filtered_title,trigger_system_setting_change,trigger
feature_android_event_torch_state_changed_filtered_title,trigger_torch,trigger
feature_android_event_wifi_state_changed_title,trigger_wifi_connection,trigger
feature_android_file_open_title,action_open_file,action
feature_android_home_launch_title,action_launch_home_screen,action
feature_android_ime_default_set_title,action_change_keyboard,action
feature_android_input_keyevent_title,action_input_key_event,action
feature_android_intent_send_title,action_send_intent,action
feature_android_logcat_clear_title,action_clear_log,action
feature_android_network_connectivity_check_title,action_connectivity_check,action
feature_android_nfc_set_title,action_set_nfc,action
feature_android_notification_action_title_title,action_notification_interaction,action
feature_android_notification_dismiss_all_title,action_clear_notifications,action
feature_android_notification_reply_title,action_notification_reply,action
feature_android_notification_show_title,action_notification,action
feature_android_ocr_text_title,action_ocr_text_from_image,action
feature_android_phone_answer_title,action_answer_call,action
feature_android_phone_call_title,action_make_call,action
feature_android_power_battery_saver_set_title,action_battery_saver,action
feature_android_power_stay_awake_set_title,action_keep_awake,action
feature_android_qr_generate_title,action_generate_qr_code,action
feature_android_qs_tile_configure_title,action_set_quick_settings_state,action
feature_android_screen_screenshot_title,action_take_screenshot,action
feature_android_sensor_read_title,action_sensor_read,action
feature_android_share_text_title,action_share_text,action
feature_android_sms_send_title,action_send_sms,action
feature_android_state_accessibility_enabled_title,constraint_accessibility_service_enabled_state,constraint
feature_android_state_airplane_mode_title,constraint_airplane_mode,constraint
feature_android_state_app_enabled_title,constraint_app_enabled,constraint
feature_android_state_app_installed_title,constraint_application_installed,constraint
feature_android_state_auto_rotate_title,constraint_auto_rotate,constraint
feature_android_state_battery_temperature_title,constraint_battery_temp,constraint
feature_android_state_bluetooth_enabled_title,constraint_bluetooth,constraint
feature_android_state_clipboard_content_title,constraint_clipboard_contents,constraint
feature_android_state_dark_mode_title,constraint_dark_theme,constraint
feature_android_state_data_usage_title,constraint_data_used,constraint
feature_android_state_device_locked_title,constraint_device_locked,constraint
feature_android_state_fold_state_title,constraint_fold_state,constraint
feature_android_state_local_address_match_title,constraint_ip_address,constraint
feature_android_state_music_active_title,constraint_music_active,constraint
feature_android_state_network_roaming_title,constraint_is_roaming,constraint
feature_android_state_nfc_enabled_title,constraint_nfc_state,constraint
feature_android_state_notification_active_title,constraint_notification_present,constraint
feature_android_state_phone_call_state_title,constraint_in_call,constraint
feature_android_state_qs_tile_state_title,constraint_quick_tile_state,constraint
feature_android_state_reference_day_of_month_title,constraint_day_of_month,constraint
feature_android_state_reference_day_of_week_title,constraint_day_of_week,constraint
feature_android_state_reference_month_of_year_title,constraint_month_of_year,constraint
feature_android_state_reference_signal_camera_in_use_title,constraint_camera_in_use,constraint
feature_android_state_reference_wired_headphones_connected_title,constraint_headphones_connection,constraint
feature_android_state_usb_device_connected_title,constraint_usb_device_connection,constraint
feature_android_state_vpn_active_title,constraint_vpn,constraint
feature_android_sync_account_request_title,action_sync_account,action
feature_android_sync_master_set_title,action_set_autosync,action
feature_android_toast_show_title,action_toast,action
feature_android_torch_set_title,action_camera_flash_light,action
feature_android_tts_speak_title,action_speak_text,action
feature_android_vibration_vibrate_title,action_vibrate,action
feature_android_voice_search_open_title,action_voice_search,action
feature_android_wallpaper_set_title,action_set_wallpaper,action
feature_android_wifi_scan_start_title,action_wifi_ssid_scan,action
feature_core_automation_cancel_title,action_cancel_macro,action
feature_core_automation_run_title,action_force_macro_run,action
feature_core_delay_title,action_pause,action
feature_data_json_parse_title,action_json_parse,action
feature_file_read_text_title,action_read_from_file,action
feature_file_write_text_title,action_write_to_file,action
feature_script_javascript_execute_title,action_javascript,action
feature_variable_set_title,action_set_variable,action
