yauto_resource_key,rejected_macro_resource_key,reason
feature_android_adb_wireless_set_title,action_set_wifi,Wireless ADB is not Wi-Fi configuration
feature_android_condition_battery_status_title,constraint_battery_saver_state,Battery status is not battery saver
feature_android_state_battery_status_title,constraint_battery_saver_state,Battery status is not battery saver
feature_android_clipboard_get_title,action_clipboard,Read clipboard is not fill clipboard
feature_android_clipboard_read_title,action_clipboard,Read clipboard is not fill clipboard
feature_android_calendar_event_add_title,trigger_calendar,Adding an event is not a calendar trigger
feature_android_event_user_unlocked_title,trigger_device_unlocked,Credential store unlock after boot is not screen unlock
feature_android_event_pointer_location_changed_title,trigger_location,Pointer overlay setting is not geographic location
feature_android_event_notification_clicked_title,trigger_notification,Notification clicked is not generic notification posted
feature_android_event_bluetooth_device_found_title,trigger_bluetooth,Device discovered is not any Bluetooth event
feature_android_condition_reference_display_state_title,constraint_ambient_display_state,Display power is not ambient display mode
feature_android_condition_reference_app_category_title,constraint_category_enabled,Application category is not enabled macro category
feature_android_condition_notification_count_title,constraint_notification_volume,Notification count is not notification volume
feature_android_event_wifi_network_state_changed_title,trigger_wifi_connection,Network change is more specific than Wi-Fi adapter state
feature_android_notification_dismiss_all_title,action_clear_notifications,YAuto only dismisses matching notifications
