yauto_resource_key,shortx_resource_key,kind,english,chinese
"feature_accessibility_universal_copy_show_title","ui.action.enable.universal.copy","action","Universal copy","全局复制"
"feature_accessibility_view_id_viewer_show_title","ui.action.enable.view.id.viewer","action","View id lookup","查看View详情"
"feature_android_activity_close_title","ui.action.close.activity","action","Close Activity","关闭Activity"
"feature_android_app_last_used_launch_title","ui.action.start.last.app","action","Launch last app","打开上一个应用"
"feature_android_clipboard_get_title","ui.action.read.clipboard","action","Read clipboard","读取剪贴板"
"feature_android_clipboard_read_title","ui.action.read.clipboard","action","Read clipboard","读取剪贴板"
"feature_android_condition_app_process_running_title","ui.conditions.app.running","constraint","App is running","应用正在运行"
"feature_android_condition_calendar_day_type_title","ui.conditions.calendar.day.match","constraint","Calendar day type","日期类型"
"feature_android_condition_ime_visible_title","ui.condition.ime.visibility","constraint","IME visibility","输入法可见性"
"feature_android_condition_memory_available_title","ui.conditions.memory.available","constraint","Available memory","可用内存"
"feature_android_condition_notification_panel_expanded_title","ui.condition.n.panel.expanded","constraint","Notification panel","通知栏展开"
"feature_android_condition_service_running_title","ui.conditions.service.running","constraint","Service is running","服务正在运行"
"feature_android_condition_task_present_title","ui.conditions.app.has.task","constraint","App has recent task","应用有最近任务"
"feature_android_event_activity_started_title","ui.fact.activity.started","trigger","Activity Started","Activity启动"
"feature_android_event_activity_stopped_title","ui.fact.activity.stopped","trigger","Activity stopped","Activity停止"
"feature_android_event_app_background_title","ui.fact.app.become.bg","trigger","App Become Background","应用回到后台"
"feature_android_event_app_foreground_title","ui.fact.app.become.fg","trigger","App Become Foreground","应用进入前台"
"feature_android_event_app_process_started_title","ui.fact.process.started","trigger","Process started","进程启动"
"feature_android_event_app_process_stopped_title","ui.fact.process.removed","trigger","Process removed","进程停止"
"feature_android_event_audio_focus_changed_title","ui.fact.audio.focus.changed","trigger","Audio focus changed","音频焦点发生变化"
"feature_android_event_cpu_availability_title","ui.fact.cpu.availability","trigger","CPU availability","CPU可用状态"
"feature_android_event_fixed_in_period_title","ui.fact.time.of.a.day.fixed","trigger","In Period","时间段"
"feature_android_event_notification_updated_title","ui.fact.n.updated","trigger","Notification updated","通知更新"
"feature_android_event_phone_state_changed_title","ui.fact.call.state.changed","trigger","Call state changed","电话状态改变"
"feature_android_event_random_in_period_title","ui.fact.time.of.a.day.random","trigger","Random time in period","随机时间"
"feature_android_event_screen_on_duration_title","ui.fact.screen.on.time","trigger","Screen on time","亮屏时间"
"feature_android_event_task_removed_title","ui.fact.task.removed","trigger","Task removed","任务被移除"
"feature_android_event_user_present_first_after_boot_title","ui.fact.screen.user.present.at.the.first.time","trigger","Screen unlock 1st time","启动后首次屏幕解锁"
"feature_android_intent_uri_launch_title","ui.action.start.activity.intent.uri","action","Start activity (Intent Uri)","启动活动（Intent Uri）"
"feature_android_location_current_query_title","ui.action.get.current.location.info","action","Get current location info","获取当前位置信息"
"feature_android_location_reverse_geocode_title","ui.action.get.current.location.address","action","Get current location address","获取当前位置地址描述"
"feature_android_qs_tile_click_title","ui.action.click.tile","action","Click QS tile","点击磁贴"
"feature_android_service_stop_title","ui.action.stop.service","action","Stop service","停止服务"
"feature_android_state_ime_visible_title","ui.condition.ime.visibility","constraint","IME visibility","输入法可见性"
"feature_android_state_notification_panel_expanded_title","ui.condition.n.panel.expanded","constraint","Notification panel","通知栏展开"
"feature_android_state_task_present_title","ui.conditions.app.has.task","constraint","App has recent task","应用有最近任务"
"feature_android_tasks_remove_title","ui.action.remove.tasks","action","Remove recent tasks","移除最近任务"
