source_type,source_kind
ActionAsyncMode,action
IfThenElse,action
SwitchCase,action
ForEach,action
ForEachPkgSet,action
WhileLoop,action
BreakActionExecute,action
WaitUtilConditionMatch,action
Delay,action
StopAllActions,action
NoAction,action
LaunchApp,action
LaunchAppByPkg,action
StopApp,action
StopAppByPkg,action
StopCurrentApp,action
SetAppEnabled,action
SetAppEnabledByPkg,action
SetAppSuspend,action
SetAppSuspendByPkg,action
SetAppInactive,action
SetAppInactiveByPkg,action
StartAppProcess,action
StartAppProcessByPkg,action
RemoveTasks,action
RemoveTasksByPkg,action
CloseActivity,action
KillProcessByName,action
StartPreviousApp,action
StartNextApp,action
StartLastApp,action
StartActivity,action
StartActivityIntent,action
StartActivityUrlSchema,action
StartActivityIntentUri,action
GetAppInfo,action
LaunchPinedItem,action
SetWifiEnabled,action
ToggleWifi,action
SetBTEnabled,action
ToggleBT,action
SetLocationEnabled,action
ToggleLocation,action
SetDNDEnabled,action
ToggleDND,action
SetFlashLightEnabled,action
ToggleFlashLight,action
SetNFCEnabled,action
ToggleNFC,action
SetHotSpotEnabled,action
ToggleHotSpot,action
SetDataEnabled,action
ToggleData,action
SetDarkModeEnabled,action
ToggleDarkMode,action
SetSensorsOffEnabled,action
ToggleSensorsOff,action
SetAPMModeEnabled,action
SetMasterSync,action
Toggle5G,action
ToggleSlot,action
SwitchMobileDataSlot,action
ConnectWifi,action
DisconnectCurrentWifi,action
ClickTile,action
SetScreenTimeout,action
SetRingerMode,action
SetScreenRotate,action
SetBrightness,action
SetAutoBrightness,action
ToggleAutoBrightness,action
StayAwake,action
ShowHideInsets,action
PostNotification,action
RemoveNotification,action
ClickNotification,action
ClickNotificationActionButton,action
RemoveNotificationForPackage,action
RemoveNotificationForPackageByPkg,action
ExpandNotification,action
ShowPPN,action
RemovePPN,action
ShowToast,action
ShowAlertDialog,action
ShowMenuDialog,action
ShowTextFieldDialog,action
ShowChoiceDialog,action
ShowListDialog,action
ShowDanmu,action
ShowStatusBarChip,action
HideStatusBarClip,action
SetStatusBarIcon,action
RemoveStatusBarIcon,action
ShowOverlayButton,action
HideOverlayButton,action
ShowFloatWindow,action
HideFloatWindow,action
ShowSideBar,action
HideSideBar,action
ShowActionSidebar,action
DisplayImage,action
BiometricVerify,action
ShowDrawBoard,action
ShowClipboardView,action
EnableUniversalCopy,action
EnableViewIdViewer,action
ShowRecentApps,action
ShowGlobalActionsMenu,action
ScreenFlash,action
PanoramicLightEffect,action
ScrollViewTo,action
WaitForIdle,action
CreateGlobalVar,action
WriteGlobalVar,action
DeleteGlobalVar,action
AddToGlobalVar,action
CreateLocalVar,action
WriteLocalVar,action
CreatePkgSet,action
AddAppsToPkgSetByPkg,action
RemoveAppsFromPkgSetByPkg,action
ShellCommand,action
ExecuteJS,action
ExecuteMVEL,action
RemoteExecuteMVEL,action
HttpRequest,action
WebSocketConnect,action
WebSocketSend,action
DownloadFile,action
SendSMS,action
WebDavList,action
WebDavGet,action
WebDavPut,action
MediaPlayback,action
TTS,action
AudioRecording,action
StopAudioRecording,action
TakePhoto,action
AdjustVolume,action
SetVolume,action
Vibrate,action
PlayRingtone,action
RequestAudioFocus,action
ContinuousAdjustVolume,action
TakeScreenshot,action
AreaScreenshot,action
SelectScreenArea,action
SetWallpaper,action
WakeupScreen,action
SleepScreen,action
LockDeviceNow,action
ContinuousAdjustBrightness,action
InputText,action
InputTap,action
InputSwipe,action
FindAndClickViewByText,action
FindAndClickViewById,action
FindAndClickMatchedView,action
GetTextFromScreenNode,action
InjectKeyCode,action
InjectCombineKeyCode,action
StartGestureRecording,action
StopGestureRecording,action
ToggleGestureRecording,action
InjectGestureRecording,action
ContinuousGesturePointer,action
PerformContextMenuAction,action
GetCurrentLocationInfo,action
GetCurrentLocationAddress,action
MapNav,action
MapQueryBus,action
ParseQRCode,action
GenerateQRCode,action
OcrDetect,action
FindImagePosition,action
FindPointsByColor,action
FindPointsByColorAndClick,action
TextProcessing,action
MatchRegex,action
ReplaceRegex,action
ReadClipboard,action
WriteClipboard,action
SetRuleEnabled,action
ExecuteFunction,action
SetFunctionReturnValue,action
FromDA,action
ShareContent,action
OpenUrl,action
ExportBackup,action
GetScreenOnTime,action
AppShortcut,action
StopService,action
StartService,action
