group_id,source,source_key,kind,member_ids,option_field
clipboard_write,macrodroid,action_clipboard,action,android.clipboard.set|android.clipboard.write,
clipboard_read,shortx,ui.action.read.clipboard,action,android.clipboard.get|android.clipboard.read,
screenshot_capture,macrodroid,action_take_screenshot,action,android.screen.screenshot|android.screenshot.capture,
stopwatch,macrodroid_apk,assets/ai/actions/StopWatchAction.yaml,action,android.stopwatch.start|android.stopwatch.pause|android.stopwatch.reset,m_option
file_operations,macrodroid_apk,assets/ai/actions/FileOperationAllFilesAction.yaml,action,file.copy|file.move|file.delete|file.mkdir|file.list,option
vibration_pattern,macrodroid_apk,assets/ai/actions/VibrateAction.yaml,action,android.vibration.vibrate|android.vibration.pattern,m_vibratePattern
device_power,macrodroid_apk,assets/ai/actions/RebootAction.yaml,action,android.device.reboot|android.device.shutdown,option
camera_video,macrodroid_apk,assets/ai/actions/RecordVideoAction.yaml,action,android.camera.video.start|android.camera.video.stop,option
audio_recording,macrodroid_apk,assets/ai/actions/RecordMicrophoneAction.yaml,action,android.audio.record.start|android.audio.record.stop,m_secondsToRecordFor
screen_power_events,macrodroid_apk,assets/ai/triggers/ScreenOnOffTrigger.yaml,event,android.event.screen_on|android.event.screen_off,m_screenOn
package_install_events,macrodroid_apk,assets/ai/triggers/ApplicationInstalledRemovedTrigger.yaml,event,android.event.package_added|android.event.package_removed|android.event.package_replaced,m_updated
notification_received_cleared,macrodroid_apk,assets/ai/triggers/NotificationTrigger.yaml,event,android.event.notification_posted|android.event.notification_removed,m_option
power_connection_events,macrodroid_apk,assets/ai/triggers/ExternalPowerTrigger.yaml,event,android.event.power_connected|android.event.power_disconnected,m_powerConnected
wifi_control,macrodroid_apk,assets/ai/actions/SetWifiAction.yaml,action,android.wifi.set|android.wifi.network.connect,m_state
music_activity_condition,macrodroid,constraint_music_active,condition,android.condition.music_active|android.condition.audio.music_active,
music_activity_state,macrodroid,constraint_music_active,state,android.state.music_active|android.state.audio.music_active,
device_orientation_condition,macrodroid,constraint_device_orientation,condition,android.condition.orientation|android.condition.reference.orientation,
device_orientation_state,macrodroid,constraint_device_orientation,state,android.state.orientation|android.state.reference.orientation,
